Codigo;Nombre;Apellido;Moneda;Monto;
326315;Willow;Tate;EUR;2347.68;
415877;Kathleen;Meza;PEN;1173.83;
163773;Jasmin;Cummings;PEN;1501.6;
666370;Arianna;Baldwin;PEN;260.5;
155024;Logan;Mckinney;USD;1596.2;
845403;Matteo;Lynn;PEN;2564.29;
139740;Shiloh;Burns;PEN;2481.64;
172726;Lana;Sheppard;PEN;488.64;
834967;Kyan;Wiggins;PEN;965.83;
455198;Yamilet;Munoz;PEN;648.36;
364282;Jaylin;Grimes;EUR;2171.36;
248522;Alexis;Richard;PEN;1683.61;
100089;Damien;Boyle;EUR;1866.77;
906984;Demetrius;Archer;EUR;1595.43;
980090;Levi;Ibarra;PEN;2002.6;
288542;Andrew;Ferrell;EUR;88.15;
743338;Jaydin;Schmitt;EUR;2667.78;
131735;Dayton;Rocha;PEN;542.65;
989425;Ronnie;Spencer;EUR$;2302.16;
965100;Deacon;Strong;EUR;1196.27;
614878;Alaina;Ellison;EUR;1165.57;
848694;Isai;Wright;USD;2255.14;
499992;Bianca;Yu;EUR;1526.34;
313161;Cassandra;Browning;EUR;784.9;
154568;Liana;Ford;EUR;1002;
289811;Douglas;Christian;USD;2339.59;
561020;Leo;Collier;EUR;1411.66;
818473;Ivan;Brown;EUR;930.23;
117849;Jameson;Mcguire;EUR;2144.12;
245495;Lizbeth;Barrera;USD;672.58;
946734;Silas;Wolf;USD;2864.84;
252105;Ayanna;Leonard;PEN;1478.15;
723547;Madyson;Campbell;USD;1263.41;
915951;Lizbeth;Bradford;PEN;665.33;
946186;Valentina;Benton;EUR;861.81;
818343;Cooper;Barker;EUR;457.81;
202122;Tyrell;Rush;USD;2942.33;
830669;Enrique;Gonzalez;USD;776.34;
100205;Damon;Moses;USD;1452.77;
145143;Braedon;Simmons;USD;2671.81;
688592;Isabela;Yates;EUR;2122.82;
813868;Zaire;Nolan;EUR;2823.81;
913659;Alonzo;Wall;EUR;1202.64;
526971;Madden;Farrell;PEN;693.17;
530713;Jaydon;Mccoy;EUR;1612.53;
681653;Jamal;Duncan;PEN;2998.66;
382335;Ainsley;Nunez;USD;637.44;
401127;Pierce;Frazier;PEN;188.98;
917393;Madilyn;Floyd;PEN;2753.71;
139285;Danika;Braun;EUR;2162.26;
768900;Damaris;Valdez;EUR;2822.8;
737450;Jovani;Guerrero;EUR;1751.94;
999327;Soren;Casey;USD;2046.66;
150786;Lilah;Newman;EUR;1304.34;
110473;Ali;Cortez;PEN;988.37;
803950;Lorena;Moran;EUR;2258.81;
981019;Gerald;Rosales;USD;769.52;
213968;Lyric;Bernard;PEN;1654.14;
522025;Chance;Dunlap;USD;1321.52;
502361;Alden;Nolan;USD;385.87;
491426;Giovanna;Stone;USD;81.59;
279207;Raina;Conner;PEN;2846.4;
372626;Ada;Daniels;USD;2794.25;
125387;Humberto;Rivers;EUR;406.66;
240140;Marina;Cantu;USD;1499.13;
494006;Krystal;Larsen;USD;2514.76;
706788;Giovanna;Quinn;EUR;1889.83;
838165;Jamari;Singleton;USD;796.38;
329693;Liam;Zamora;EUR;2519.8;
810161;Liliana;Estes;EUR;1142.82;
781539;Cooper;Bruce;EUR;2421.4;
237577;Hailey;Flowers;EUR;1231.34;
534500;Hailey;Reed;EUR;299.5;
800172;Mario;Whitney;EUR;2897.73;
232993;Ireland;Bradford;EUR;1119.95;
273677;Beau;Estrada;EUR;1064.94;
697355;Rory;Hanna;PEN;624.12;
215249;Yazmin;David;PEN;389.4;
125918;Phillip;Walker;Butron;PEN;574.93
742260;Kody;Farley;EUR;1881.58;
303188;Addyson;Colon;USD;2582.5;
778858;Raelynn;Weeks;EUR;2503.56;
886658;Jacey;Hess;PEN;1044.29;
468657;Andres;Mccullough;USD;1484.76;
899299;Alayna;Cooley;PEN;1625.26;
975103;Soren;Larsen;PEN;2953.25;
355410;Lennon;Nixon;EUR;2488.39;
521499;Salvatore;Kane;USD;2650.8;
265291;Yosef;Good;EUR;2126.14;
446441;Tristan;Garza;USD;1267.79;
652457;Matthew;Moody;USD;2695.71;
859246;Aydin;Cabrera;EUR;544.32;
611588;Gretchen;Juarez;PEN;2677.24;
188577;Janiya;Decker;PEN;54.15;
414499;Cassius;Prince;USD;1028.65;
186296;Kieran;Fletcher;USD;163.86;
834492;Jefferson;Key;PEN;2378.97;
227856;Kate;Yates;PEN;1617.64;
314966;Javon;Reid;USD;2439.41;
853922;Keira;Moon;EUR;2025.4;
272372;Landin;Thompson;EUR;1878.84;
709740;Anna;Arroyo;EUR;1613.49;
911763;Jaylyn;Casey;PEN;2104.96;
517438;Reagan;Mendez;PEN;296.2;
488965;April;Woods;PEN;1762.45;
342973;Marina;Santana;EUR;2026.49;
220888;Calvin;Schultz;PEN;552.93;
678469;Mathias;Calhoun;PEN;2452.63;
990934;Dana;Duffy;USD;271.51;
662524;Jaylen;Orozco;USD;1167.47;
166645;Clinton;Spence;PEN;240.75;
504826;Judah;Kirby;USD;1132.65;
106327;Genevieve;Krueger;EUR;2508.64;
449435;Rodrigo;Neal;USD;1417.14;
181633;Liberty;Morales;EUR;1344;
932069;Kaylyn;Summers;EUR;150.4;
273945;Alonso;Sampson;EUR;2105.24;
245384;Yandel;Vaughn;PEN;152.69;
603822;Shannon;Middleton;EUR;518.17;
802523;Randall;Montes;USD;551.7;
336718;Ally;Best;PEN;1130.36;
527517;Malakai;Mayo;USD;1864.96;
731829;Lucy;Hurst;PEN$;1381.5;
396672;Jesse;Perry;USD;1710.11;
208462;Ashanti;Cherry;USD;1879.13;
808147;Jade;Stuart;EUR;91.28;
863561;Nancy;Norris;EUR;479.72;
241746;Sherlyn;Massey;EUR;2417.71;
161619;Rory;Patel;Courtney;%EUR;637.15
109195;Milton;Andersen;USD;1093.36;
466354;Chaya;Parker;USD;285.87;
608696;Shelby;Baxter;EUR;54.17;
539168;Mina;Gentry;PEN;783.31;
505124;Angelique;Crosby;PEN/;636.33;
382351;Jakob;Bentley;PEN;1752.19;
717173;Gaven;Mcknight;USD;999.3;
681620;Vance;Valentine;EUR;129.81;
780169;Drake;Benson;USD;1448.17;
491074;Jessie;Moreno;PEN;1092.97;
923046;Michelle;Rubio;PEN;1207.3;
440795;Hanna;Bennett;USD;961.11;
283082;Essence;Howard;EUR;670.31;
946239;Natasha;Mckenzie;EUR;738.96;
280511;Eddie;Holmes;EUR;2857.44;
762325;Jaslyn;Rhodes;USD;2249.9;
380100;Jonah;Lang;PEN;979.64;
947352;Haiden;Hatfield;EUR;2510.61;
246145;Talon;Vargas;EUR;774.32;
251350;Tripp;Mejia;PEN;798.57;
645867;Taylor;Hendricks;EUR;2609.88;
504226;Joanna;Bruce;PEN;1882.32;
565111;Emmy;Mcconnell;PEN;908.4;
869902;Jocelynn;Bailey;PEN;1823.38;
561241;Bryce;Wiggins;USD;103.41;
380206;Lyric;Sharp;USD;2339.9;
449747;Octavio;Mueller;PEN;2471.7;
680666;Shane;Mason;PEN;2696.6;
686421;Mathias;Suarez;USD;154.74;
734081;Kymani;Mccarthy;USD;2449.91;
446659;Sarah;Garza;USD;952.63;
864796;Emery;Chase;PEN;454.37;
686253;Andreas;Ingram;PEN;1083.22;
841422;Jaxon;Mccarty;USD;2134.35;
718853;Yosef;Owen;PEN;2772.12;
831921;Matilda;Ewing;USD;1440.94;
340606;Lillie;Shepherd;PEN;2677.44;
241459;Annabel;Sosa;PEN;2698.96;
797392;Mateo;Lang;EUR;2134.16;
870647;Jaida;Morris;EUR;2042.25;
844269;Roy;Sweeney;EUR;2146.62;
930934;Taliyah;Bonilla;PEN;2322.95;
380060;Ryann;Martin;U$SD;1278.28;
147365;Nathanial;Ware;USD;1916.46;
938064;Felipe;Hardin;USD;1666.29;
650406;Lisa;Bright;PEN;2759.35;
900523;Claire;Howell;USD;1941.11;
520874;Kaylah;Rivas;USD;444.65;
699883;Jocelyn;Nolan;USD;1971.6;
378982;Araceli;Christensen;PEN;2820.44;
265212;Matthew;Fischer;USD;1093.93;
431980;Holden;Garrett;USD;1110.15;
325592;Brycen;Ward;EUR;1711.16;
504674;Jocelyn;Ross;PEN;2756.8;
929209;Coleman;Fischer;PEN;620.23;
816485;Marlie;Liu;EUR;275.72;
689495;Anya;Mayo;PEN;881.52;
947934;Keon;Kirby;PEN;432.18;
901245;Eli;Conrad;EUR;843.62;
298681;Moriah;Hardin;PEN;633.44;
898188;Israel;Melendez;PEN;1923.2;
366267;Riya;Oneill;PEN;1518.98;
171619;Zaiden;Francis;PEN;2607.94;
831423;Raegan;Clark;EUR;97.8;
684006;Mason;Jacobs;PEN;2857.33;
797307;Melanie;Chandler;USD;328.16;
470395;Aldo;Weiss;PEN;1056.42;
572295;Neil;Erickson;USD;2637.85;
777371;Braylen;Cowan;USD;214.51;
593706;Kadence;Walker;PEN;737.37;
799308;Gia;Holloway;EUR;1244.2;
373239;Jayden;Arnold;PEN;586.57;
371977;Kayley;Charles;EUR;1624.72;
203406;Julianne;Ryan;EUR;510.27;
585416;Michelle;Lloyd;EUR;1657.51;
968912;Jaliyah;Barnes;EUR;2612.5;
771656;Mariana;Bauer;EUR;644.91;
692239;Quinn;Griffith;EUR;890.89;
509750;Moses;Rose;USD;1987.2;
472468;Turner;Buchanan;EUR;2911.2;
765854;Macie;Carney;EUR;878.84;
289916;Camron;Rollins;PEN;413.71;
911276;Virginia;Hoover;EUR;76.88;
958429;Raphael;Small;EUR;694.7;
209807;Madelyn;Maxwell;EUR;724.14;
540031;Ian;Mosley;USD;2444.96;
747165;Cristopher;Munoz;EUR;1354.5;
284028;Porter;Chapman;PEN;136.71;
470293;Riya;Barajas;USD;2938.84;
981728;Alisson;Boyd;EUR;2939.53;
208066;Zaniyah;Stafford;PEN;1584.24;
786388;Cael;Yates;USD;2872.48;
391438;Dorian;Roberts;EUR;838.53;
126503;Gauge;Harrington;Ford;EUR;1487.38
247880;Blaze;Carey;USD;1317.33;
450518;Elisa;Mayo;PEN;1005.59;
486612;Kylan;Gallegos;USD;221.3;
981445;Samir;Goodman;USD;2043.57;
857242;Addison;Clements;USD;655.13;
187473;Marcel;Petty;USD;827.5;
212501;Carter;Briggs;PEN;2502.4;
513809;Dexter;Smith;PEN;2753.47;
468251;Saniya;Choi;PEN;1398.66;
937168;Dayami;Gutierrez;USD;1563.72;
659488;Omar;Cherry;USD;739.25;
907394;Karlee;Monroe;PEN;2664.51;
914135;Bryce;Velasquez;USD;979.39;
934634;Amiyah;Rowland;EUR;1150.72;
124518;Jaylynn;Joseph;EUR;603.87;
824614;Gary;Gilmore;EUR;2870.9;
265565;Marvin;Braun;EUR;1708.63;
765755;Kyleigh;Key;USD;2675.34;
599587;Carlos;Booker;EUR;1719.65;
728373;Nicole;Sanford;E$UR;2774.31;
971750;Javier;Murray;USD;2942.75;
232406;Jeremiah;Park;PEN;2623.22;
490600;Kelsie;Sims;USD;1256.64;
103169;Kristopher;Rodriguez;USD;2490.96;
643831;Silas;Jacobson;USD;1850.19;
367577;Dominique;Schroeder;EUR;1192.48;
302114;Joel;Kline;EUR;1567.86;
678869;Corinne;Stephens;EUR;2427.2;
399844;Khloe;Roberson;PEN;1094.9;
597429;Kolby;Murray;PEN;2591.65;
608442;Lilia;Deleon;EUR;1673.83;
245109;Keshawn;Suarez;USD;2929.88;
473831;Paloma;Hebert;PEN;2747.84;
150236;Trevon;Good;PEN;720.81;
717373;Andreas;Hooper;USD;422.6;
960904;Dane;Fox;USD;84.44;
804650;Solomon;Alvarez;PEN;2728.95;
826541;Devon;Atkinson;PEN;1.23;
251078;Lia;Watson;USD;1246.79;
677375;Kian;Donovan;EUR;514.25;
586442;Nicole;Becker;USD;855.81;
881908;Sienna;Donovan;PEN;2691.32;
206918;Madilynn;Stevenson;USD;709.46;
615761;Davian;Ritter;PEN;1350.71;
366257;Hassan;Hayes;USD;1516.81;
788651;Alexis;Phillips;EUR;852.56;
343553;Nora;Nichols;PEN;240.36;
277659;Esther;Garner;PEN;1804.63;
384173;Armani;Griffith;EUR;383.22;
999573;Ryann;Barnett;EUR;667.5;
671145;Luis;Marsh;PEN;2463.17;
966668;Marilyn;Mcmillan;USD;187.97;
885491;Michael;Little;USD;146;
916886;Leroy;Christian;EUR;2535.27;
449921;Taniyah;Singleton;PEN;1326.35;
247908;Landon;Morrow;USD;458.96;
545520;Melvin;Compton;USD;697.96;
416467;Joy;Mcknight;EUR;516.37;
710540;Addisyn;Hughes;EUR;2381.61;
925451;Tristen;Floyd;USD;1157.45;
312702;Damarion;Washington;EUR;2032.33;
706718;Jayleen;Lozano;USD$;1692.79;
710485;Isaiah;Dominguez;EUR;1771.6;
396695;Nathan;Shelton;EUR;265.36;
867666;Edith;Webb;PEN;252.38;
776977;Jacob;Skinner;USD;429.51;
571392;Reuben;Garza;USD;493.95;
578462;Cecelia;Yoder;PEN;217.6;
997654;Sammy;Miles;USD;1617.69;
109502;Jackson;Hester;USD;111.46;
114950;Marques;Madden;USD;2801.83;
858634;Reina;Ponce;PEN;1334.71;
406790;Mohamed;Burns;EUR;2489.65;
434695;Rayan;Newman;USD;2542.25;
207233;Beckett;Mays;USD;2896.6;
981063;Darien;Jenkins;PEN;1365.41;
979414;Lilly;Rivas;EUR;1706.4;
718390;Howard;Landry;USD;2517.81;
325284;Edward;Meyer;PEN;1219.91;
640525;Salvador;Becker;PEN;935.4;
614645;Wade;Fernandez;EUR;1311.87;
330030;Curtis;Hoffman;PEN;324.29;
439500;Leonidas;Donovan;PEN;2928.2;
476663;Clay;Choi;USD;505.4;
495706;Anton;Marsh;USD;1203.54;
485947;Zachary;Marshall;EUR;913.1;
195539;Hayley;Greer;USD;1517.93;
279415;Mara;Lee;EUR;188.5;
511156;Laci;Macias;EUR;1291.45;
415548;Emerson;Rush;USD;49.64;
874850;Lucy;Spencer;USD;2892.54;
382001;Macie;Poole;USD;2385.91;
252261;Leroy;Mata;EUR;823.91;
588570;Kayley;Washington;USD;2493.62;
432471;Jayvion;Stout;EUR;206.67;
205094;Gabriella;Wang;EUR;1897.67;
779851;Mike;Berg;EUR;1481.39;
758630;Dakota;Morgan;EUR;813.81;
325725;Nicole;Meyer;EUR;1517.41;
403051;Harper;Baldwin;PEN;2992.12;
592431;Jasmin;Trujillo;USD;870.47;
750700;Orion;Weiss;USD;1108.88;
223721;Derrick;Pennington;EUR;530.81;
229362;Fernando;Franco;PEN;1314.62;
229533;Steve;Willis;USD;2392.54;
511031;Mitchell;Sloan;EUR;1466.5;
526595;Ellie;Gilbert;PEN;400.17;
914748;Karsyn;Cline;PEN;1808.36;
148157;Asa;Becker;USD;1102.61;
148517;Eduardo;Lucero;PEN;1475.91;
106294;Jose;Vazquez;PEN;740.39;
827407;Shiloh;White;EUR;1876.72;
385506;Hannah;Krause;EUR;1109.3;
636895;Tyshawn;Spencer;PEN;1427.92;
324745;Skyler;Hancock;PEN;2451.81;
918766;Jaydon;Sanders;EUR;2806.24;
230306;Nash;Salas;PEN;1899.39;
152612;Darwin;Herman;PEN;422.32;
644926;Cristian;Alexander;USD;1040.95;
899949;Kristina;Simpson;PEN;1265.74;
296290;Marquise;Anthony;EUR;1742.18;
606031;Breanna;Kennedy;PEN;2480.32;
537264;Yaritza;Wolfe;EUR;850.44;
327603;Aedan;Barber;PEN;1519.68;
685874;Grace;Goodwin;EUR;1537.35;
856030;Karen;Bright;PEN;1606.88;
926376;Ada;Schultz;USD;1811.83;
726979;Lucia;Fitzpatrick;PEN;2488.13;
316308;Jaiden;Foster;USD;1823.7;
707545;Mike;Ferrell;PEN;2647.94;
675083;Alfred;Galloway;EUR;2821.86;
512375;Hayley;Thornton;USD;2708.44;
713584;Kolton;Perry;USD;1929.27;
363099;Kevin;Fields;EUR;2000.41;
688803;Micaela;Scott;PEN;3.17;
673504;Bethany;Foley;EUR;1095.98;
460423;Brennen;Soto;USD;1380.99;
837858;Keenan;Zimmerman;PEN;274.42;
736858;Camille;Huff;EUR;2821.67;
139207;Alicia;Cantu;USD;653.89;
707435;Raven;Allison;USD;745.37;
746839;Princess;Carpenter;EUR;1808.9;
605087;Demetrius;Mcbride;USD;1965.3;
582083;Marina;Garcia;EUR;78.69;
362717;Heath;Meadows;USD;2136.17;
755458;Jaxson;Barrera;EUR;2087.25;
105271;Amelie;Hess;Floyd;EU%R;495.77
855286;Holly;Oliver;USD;310.2;
531617;Reilly;Patel;USD;8.8;
854376;Aileen;Decker;EUR;2581.1;
833688;Mathew;Mathis;PEN;1958.59;
986546;Lyla;Zhang;PEN;2001.3;
324422;Izayah;Davis;PEN;1356.95;
720865;Isaiah;Hood;USD;572.18;
217673;Angelina;Duarte;PEN;889.18;
247647;Claire;Davila;PEN;1381.89;
617017;Darion;Logan;USD;653.38;
440131;Aubrey;Bray;PEN;1332.47;
591184;Taryn;Duffy;PEN;2472.16;
686523;Helena;Mccarty;PEN;2095.59;
985695;Hope;Conrad;EUR;1197.79;
314322;Kirsten;Gallagher;USD;1600.52;
537676;Elizabeth;Weaver;USD;1796.23;
991250;Lucia;Frederick;PEN;2487.28;
105462;Nathalie;Mosley;EUR;2277.16;
169563;Angelica;Evans;USD;2227.3;
325479;Dereon;Barnes;EUR;107.98;
473073;Neveah;Murray;PEN;2782.58;
617742;Elisabeth;Castillo;EUR;2271.18;
958267;Itzel;Curtis;EUR;1925.77;
134549;Devan;Cisneros;EUR;102.72;
900589;Dayami;Farrell;EUR;1978.34;
803282;Jenna;Carney;PEN;2492.94;
530617;Landin;Brock;USD;1450.94;
371551;Kendra;Faulkner;EUR;1890.9;
281408;Raegan;Richmond;USD;2113.18;
199865;Jeremy;Harper;PEN;2736.92;
881630;Hailie;Tyler;USD;2147.18;
604219;Austin;Harrell;PEN;2764;
381000;Theresa;Mcintosh;EUR;2903.78;
701126;Jaylen;Wilkins;EUR;201.9;
459588;Mya;Drake;USD;1505.91;
767958;Daniella;Krause;EUR;2788.26;
702087;Eleanor;Bishop;EUR;103.36;
876639;Shayla;Grimes;USD;1172.66;
264652;Gunnar;Suarez;USD;1372.56;
768370;Malaki;Crawford;USD;1540.99;
187239;Rachel;Aguirre;PEN;219.5;
321752;Carlie;Cuevas;PEN;332.32;
100352;Leonidas;Haas;USD;2664.81;
146245;Maximilian;Gonzalez;PEN;2194.84;
932916;Davian;Kennedy;PEN;1135.14;
563885;Jovany;Ramos;PEN;964.12;
428980;Sofia;Stevenson;USD;155.34;
175581;Emmy;Cummings;USD;200.22;
100003;Deangelo;Hogan;USD;571.3;
701741;Jamarion;Tapia;PEN;603.83;
504741;Adalynn;Manning;EUR;2403.28;
304374;Rhys;Dixon;EUR;1330.1;
950997;Eliza;Kim;USD;1728.88;
859155;Sierra;Woodward;EUR;972.63;
809483;William;Mercado;USD;1354.1;
113346;Taylor;Brock;PEN;1595.7;
393032;Dixie;Mckenzie;EUR;1917.79;
537515;Ian;Bray;PEN;2326.87;
518589;Randall;Kidd;PEN;722.4;
983649;Allan;Adkins;PEN;2353.76;
492561;Ryder;Horton;EUR;625.72;
287812;Gavin;Zuniga;USD;1025.12;
383744;Max;Winters;PEN;2083.35;
854483;Braydon;Harding;PEN;2556.57;
599465;Adrien;Hahn;EUR;2797.15;
243595;Mike;Aguirre;USD;1250.3;
798369;Xzavier;Hill;USD;1160.63;
595922;Tatiana;Holden;USD;1907.55;
554768;Jazlene;Wang;EUR;1338.51;
669951;Baron;Garcia;USD;2030.88;
175697;Georgia;Hale;USD;1257.48;
581834;Valeria;Yates;EUR;325.25;
987227;Dennis;Hanson;PEN;1875.82;
795477;Liam;Turner;PEN;1634.89;
366693;Leia;Blackwell;EUR;2107.39;
302856;Adan;Mcgrath;USD;355.86;
830332;Joy;Murphy;PEN;1359.57;
676243;Daphne;Greene;PEN;378.33;
683073;Jeremiah;Horton;PEN;2.34;
582585;Cara;Frederick;EUR;2294.57;
447766;Rigoberto;Lawson;EUR;1470.65;
680994;Myles;Carson;USD;2953.94;
872684;Kareem;Myers;USD;2898.75;
398577;Kaila;Sanford;PEN;1621.86;
402862;Luke;Schroeder;USD;1732.11;
561217;Valentino;Acevedo;PEN;1144.4;
559358;Leah;Parrish;EUR;2819.99;
832763;Milagros;Knight;EUR;568.54;
879496;Yair;Espinoza;PEN;2286.35;
206716;Jaqueline;Soto;USD;647.99;
959497;Lindsey;Cunningham;EUR;1174.55;
618986;Lara;Cantrell;EUR;2028.6;
346500;Hannah;Wilkinson;USD;1559;
729133;Rebekah;Barton;USD;1047.5;
494245;Ellie;Garner;PEN;2529.58;
224695;Zaniyah;Galvan;EUR;427.58;
439702;Francisco;Brewer;USD;296.9;
247738;Kaylah;Sanchez;EUR;815;
155860;Kira;Mahoney;EUR;1068.75;
496449;Payton;Stafford;USD;2244.24;
172929;Jarrett;Conrad;EUR;2665.42;
758440;Kareem;Garrett;EUR;890.5;
582087;Cherish;Richmond;EUR;1674.89;
542810;Aedan;Mcneil;EUR;1164.37;
688807;Paulina;Castillo;PEN;57.31;
649069;Conrad;Buckley;USD;2578.71;
106168;Frances;Compton;USD;1307.84;
956319;Paula;Holmes;PEN;1150.81;
336457;Danny;Russo;USD;2872.6;
594009;Jax;Bush;EUR;2807.62;
272816;Lillie;Wallace;EUR;148.6;
772564;Frida;Mcdaniel;PEN;449.61;
947052;Carla;Li;EUR;1519.8;
851633;Rhianna;Gross;EUR;576.99;
826854;Gerald;Gilmore;Flowers;PEN;44.42
373513;Rocco;Mcintyre;EUR;948.19;
304198;Jorden;Oconnell;USD;248.66;
595929;Alec;Alvarado;USD;1363.37;
459741;Saul;Hensley;PEN;2186.67;
540614;Kenna;Boyer;USD;1193.52;
102565;Emmanuel;Estrada;Reed;USD;2012.76
942249;Raphael;Buck;USD;2135.45;
192886;Luka;Hamilton;PEN;1116.2;
690894;America;Banks;EUR;34.66;
637340;Roland;Richardson;PEN;471.4;
358690;Marvin;Lin;PEN;1424.89;
235756;Bryan;Payne;EUR;1208.19;
525269;Nataly;Randolph;EUR;398.7;
862028;Brennen;Woodward;EUR;2651.9;
869694;Regan;Parker;USD;168.22;
812188;Daisy;Collier;USD;2288.11;
904518;Cornelius;Clements;PEN;2952.47;
216756;Josiah;Doyle;PEN;116.26;
219122;Konner;Parker;EUR;2869.69;
841364;Kirsten;Green;USD;1155.99;
127436;Colten;Ellison;EUR;542.21;
974351;Tyshawn;Patrick;USD;2185.5;
273743;Cindy;Payne;PEN;1389.17;
180761;Alfonso;Hester;EUR;2432.4;
281061;Sara;Braun;USD;108.46;
239690;Alondra;Mullins;EUR;1072.77;
256483;Nathalia;Chavez;PEN;1558.11;
320283;Samson;Huff;EUR;2495.78;
474555;Amelia;Morris;EUR;2903.31;
527472;Jair;Parrish;EUR;1003.3;
289652;Zaid;Choi;EUR;2416;
943218;Zain;Burton;EUR;1744.8;
992484;Mackenzie;Cabrera;USD;772.49;
223447;Savanna;Richard;PEN;2534.29;
768729;Lara;Mays;PEN;108.61;
417149;Felix;Stevens;EUR;1848.13;
227484;Aleah;Reilly;USD;1450.95;
450367;Karter;Bass;PEN;1548.64;
108372;Karley;Jefferson;PEN;1915.91;
349946;Mylie;Welch;EUR;510.57;
874907;Mya;Keller;USD;352.47;
648059;Amaya;Gilmore;EUR;1081.15;
614470;Quentin;Gregory;USD;2994.65;
490259;Ada;Kane;EUR;2409.21;
826487;Clay;Fritz;USD;394.9;
166727;Blaine;Murphy;EUR;1639.25;
903501;Grant;Joseph;PEN;2359.93;
752379;Regina;Key;PEN;149.71;
653485;Hugo;Camacho;PEN;2134.25;
278119;Ivan;Webb;EUR;717.72;
585143;Kinsley;Stout;USD;2295.17;
557376;Kathy;Cummings;EUR;823.21;
102382;Mireya;Moran;PEN;2990.67;
486688;Giovanni;Wang;USD;190.47;
776873;Nathanael;Avery;PEN;2775.76;
833706;Simon;Esparza;EUR;2820.5;
104534;Camila;Waters;EUR;1222.15;
251933;Jordyn;Garrett;EUR;2230.57;
234143;Brittany;Powers;PEN;712.17;
321854;Jayden;Walker;EUR;2099.2;
274194;Keagan;Howard;EUR;1430.42;
618956;Terrell;Wyatt;PEN;605.98;
927186;Gianni;Farmer;EUR;1289.2;
369747;Natalya;Velazquez;USD;515.2;
130740;Maximillian;Petersen;USD;2892.85;
604286;Leonidas;Meyer;PEN;2481.86;
249532;Kimora;Ball;EUR;102.48;
833467;Rene;Huynh;PEN;677.3;
221711;Jovanni;Salazar;PEN;586.9;
449259;Kane;Ramirez;PEN;1186.99;
710829;Ally;Morrow;EUR;1048.39;
886423;Branson;House;USD;2832.21;
601207;Cristal;Shea;PEN;1804.2;
855338;Rylee;Larsen;PEN;652.52;
662443;Asher;Mercado;EUR;2922.12;
509342;Javion;Weiss;PEN;2543.94;
189377;Reese;Huff;PEN;2958.15;
151224;Nolan;Mayo;PEN;543.34;
442772;Turner;Doyle;USD;980.93;
295837;Hillary;Bradley;PEN;339.17;
639672;Declan;West;USD;442.63;
363548;Ali;Edwards;PEN;1188.16;
467355;Monserrat;Bowers;PEN;1285.11;
885908;Ernest;Rivers;PEN;80.92;
148182;Vance;Kelley;PEN;58.19;
420586;Leah;Douglas;USD;429.21;
503524;Johnathan;Wilcox;USD;942.75;
955134;Jacquelyn;Glenn;USD;2755.84;
488729;Jillian;Pennington;USD;2621.7;
428620;Maleah;Zuniga;USD;1428.75;
138716;Arianna;Parsons;USD;2064.67;
322687;Madeleine;Hunt;USD;235.17;
106120;Hadley;Chung;USD;1078.54;
496307;Jerome;Hardin;USD;2642.93;
672617;Valentina;Barker;PEN;2321;
943807;Molly;Ryan;PEN;211.19;
449654;Landen;Jarvis;EUR;2797.82;
464696;Nola;Stewart;EUR;960.35;
637058;Ishaan;Christian;EUR;2410.63;
716417;Martha;Franklin;EUR;1514.7;
664967;Reuben;Dickerson;USD;2916.37;
390297;Addison;Valenzuela;EUR;2255.93;
231829;Kiera;Lewis;EUR;84.4;
184181;Lamont;Farrell;USD;2486.92;
729069;Cailyn;Barton;PEN;2441.35;
511047;Madeleine;Cunningham;PEN;1088.76;
941164;Emanuel;Porter;USD;1759.96;
296814;Damari;Henderson;PEN;328.3;
943102;Harmony;Bolton;USD;121.4;
392724;Julian;Ortega;EUR;2211.4;
550241;Monserrat;Peters;EUR;1521.14;
180482;Hailee;Rasmussen;PEN;965.92;
305374;Meredith;Espinoza;PEN;2335.57;
795061;Angeline;Warren;EUR;1590.68;
336716;Leila;Ortega;PEN;1059.75;
678702;Autumn;Trevino;EUR;2478.38;
826331;Reagan;Lloyd;USD;2934.5;
898177;Aniya;Chang;PEN;1531.41;
567676;Adolfo;Henry;EUR;144.89;
334308;Yuliana;Stevens;PEN;2515.88;
552863;Brenden;Holmes;USD;863.44;
521976;Dominic;Ritter;PEN;2383.54;
491861;Paulina;Morgan;EUR;2085.58;
770778;Walker;Miller;USD;61.52;
131998;Glenn;Yang;PEN;610.73;
535791;Orion;Beltran;PEN;2553.11;
533246;Adam;Garrison;EUR;10.23;
688633;Andre;Pennington;EUR;813;
873463;Marcel;Haas;USD;2893.68;
980971;Amir;Hammond;PEN;857.93;
125250;Deacon;Martinez;USD;999.86;
314755;Brandon;Mathis;EUR;1559.31;
908725;Janelle;Ewing;USD;2178.22;
324506;Kaila;Chandler;EUR;2259.47;
545761;Pamela;Andrade;EUR;688.98;
896141;Shawn;Lynn;U/SD;1939.13;
119452;Leila;Whitaker;USD;2224.36;
626887;Amya;Underwood;Texas;USD;96.49
311703;Londyn;Hickman;USD;1000.61;
446726;Ainsley;Bright;USD;937.75;
896117;Andrew;Roach;EUR;2730.53;
769222;Emily;Charles;USD;1401.94;
510645;Keagan;Graves;PEN;249.14;
485118;Cesar;Cole;EUR;250.57;
461921;Karly;Dunlap;USD;2258.56;
299312;Deandre;Pitts;USD;386.59;
450926;Izayah;Rivera;USD;732.5;
811980;Kelsie;Wolf;EUR;291.6;
800087;Yurem;Jennings;EUR;2533.14;
908260;Nathanael;Figueroa;USD;1647.87;
787522;Damaris;Jacobs;EUR;2102.27;
669923;Rhianna;Sullivan;PEN;157.97;
128145;Lydia;Ramirez;EUR;888.67;
526022;Alijah;Lamb;PEN;877.79;
128056;Alex;Mccullough;PEN;1728.57;
391338;Ciara;Barker;PEN;1134.89;
593340;Rishi;Moss;PEN;2839.23;
977969;Angela;Day;USD;352.61;
114310;Hunter;Sloan;PEN;2469.88;
584537;Marilyn;Newton;PEN;1723.37;
869196;Seamus;Rivera;PEN;407.58;
468660;Alfred;Bender;EUR;1247.6;
627152;Theresa;Norman;EUR;1371.71;
440782;Calvin;Lamb;PEN;1640.17;
832004;Angel;Ewing;PEN;1714;
469014;Larissa;Serrano;EUR;1885.9;
171207;Paulina;Vaughan;EUR;2967.11;
878104;Jakob;Weiss;P$EN;1162.15;
420701;Clarissa;Meadows;USD;1386.26;
249733;Broderick;Yates;PEN;1792.99;
980747;Demetrius;Mclaughlin;EUR;1865.82;
656077;Mireya;Petersen;PEN;719.18;
855706;Kaya;Hendricks;USD;126.8;
355516;Dawson;Walton;USD;2126.82;
925556;Stella;Swanson;EUR;1353.27;
371059;Gaige;English;USD;282.93;
746512;Emily;Moss;PEN;968.42;
771410;Nathaly;Juarez;EUR;843.26;
279785;Jamar;Proctor;PEN;1443.35;
907193;Abbigail;Stokes;USD;1330.31;
231504;Olivia;Thornton;EUR;2952.62;
200607;Trey;Mosley;PEN;859.52;
373429;America;Potter;PEN;2536.82;
512260;Holly;Mcdowell;PEN;1535.19;
612509;Toby;Leon;USD;1384.29;
956792;Kaeden;Melton;EUR;1393.23;
911392;Fernanda;Curry;EUR;2970.8;
552977;Jovany;Gonzales;USD;2935.44;
382112;Edward;Reid;USD;903.12;
769088;Frida;Cortez;PEN;1963.68;
863778;Yusuf;Pratt;EUR;1227.19;
588029;Tiffany;Nguyen;PEN;109.74;
209666;Eliana;Preston;PE$N;24.39;
912226;Mike;Floyd;USD;2664.4;
913314;Kathleen;Walton;PE$N;1783.97;
445825;Helena;Arellano;EUR;950.43;
271363;Noemi;Hunt;EUR;2305.61;
959858;Emilio;Dyer;EUR;2887.92;
540291;Ashtyn;Hamilton;EUR;2124.9;
109968;Dalton;Melendez;Estrada;PEN;2242.9
204241;Jimena;Adkins;PEN;2019.94;
845080;Kamren;Avila;EUR;793.72;
239950;Marianna;Mosley;USD;416.12;
220730;Andy;Harrison;USD;1069.1;
648557;Damarion;Leon;USD;1020.21;
996977;Elise;Hodge;EUR;402.24;
945651;Corey;Huang;PEN;524.8;
836276;Landon;Marks;USD;2320.61;
218561;Diamond;Lawrence;EUR;2278.84;
171792;Dana;Schneider;EUR;1075;
213207;Derek;Proctor;PEN;103.69;
760117;Drew;Mcfarland;PEN;1773.59;
711195;Monica;Cunningham;PEN;533.54;
161871;Lillie;Lee;PEN;1552.59;
594416;Kadyn;Dorsey;EUR;1484.33;
505373;Ayana;Villanueva;PEN;1012.93;
406128;Camila;Lambert;USD;2420.23;
991779;Carolina;Mcmahon;EUR;979.45;
368565;Alondra;Moses;PEN;2553.2;
972535;Araceli;Ingram;EUR;2082.83;
775714;Nora;Crane;EUR;560.43;
238939;Scarlet;Day;USD;441.61;
757529;Kayla;Duke;EUR;591.28;
255829;Jamya;Wolfe;EUR;2311.7;
516924;Judah;Forbes;PEN;2425.57;
559115;Erika;Dodson;USD;2839.91;
855572;Louis;Reeves;USD;2397.78;
515910;Marcel;Grant;EUR;895.5;
125318;Presley;Ramirez;PEN;253.45;
152085;Tabitha;Mccarthy;EUR;898.31;
285252;Izabella;Harvey;USD;2769.88;
252368;Jayce;Durham;EUR;1388.45;
286744;Allyson;Hunter;PEN;2947.61;
996868;Makenzie;Wolfe;EUR;783.18;
439141;Melvin;Chang;EUR;859.18;
260217;Ryan;Quinn;USD;173.6;
683213;Jaycee;Baird;PEN;1130.15;
921297;Amari;Middleton;USD;47.53;
415825;Isabelle;Duffy;EUR;702.15;
513100;Alexa;Rosario;PEN;683.23;
532297;Shayna;Bentley;USD;1439.12;
278606;Emery;Ayers;EUR;2583.49;
550374;Keaton;Frank;USD;1342.8;
143725;Pranav;Hodges;Davidson;PEN;2183.69
789781;Tristin;Webb;USD;1518.19;
127554;Ulises;Gibbs;USD;1461.7;
593795;Corbin;Roth;PEN;2388.13;
540993;Alijah;Peters;EUR;609.74;
776057;Vance;Curtis;USD;2952.17;
924423;Darnell;Gillespie;USD;1096.89;
661278;Leila;Zhang;EUR;1165.78;
675106;Carissa;Lam;PEN;499.15;
956336;Linda;Ferguson;PEN;1268.53;
927388;Edgar;Castillo;PEN;1922.9;
711616;Brylee;Meyers;PEN;991.11;
694622;Andres;Miller;USD;1401.9;
734785;Dante;Glass;EUR;347.78;
616324;Sandra;Chaney;PEN;2851.51;
930394;Gordon;Morrison;USD;1028.2;
224238;Harper;Pham;USD;2218.55;
213297;Marely;Humphrey;USD;1067.44;
687395;Angelina;Aguilar;USD;1555.96;
341861;Saige;Mann;USD;2130.22;
422334;Cordell;Olsen;PEN;2100.42;
735325;Micheal;Meyers;EUR;2607.11;
578714;Allan;Dorsey;EUR;1918.15;
687376;Grant;Jacobson;PEN;2492.18;
374098;Jaiden;Barnes;USD;115.33;
350796;Justus;Stafford;EUR;1058.52;
638906;Emiliano;Trujillo;EUR;667.32;
746533;Ryan;Aguilar;EUR;1717.2;
799246;Nikhil;Gamble;USD;87.2;
309514;Frederick;Gordon;USD;1594.31;
709761;Trevin;Clements;EUR;1697.1;
145605;Clarissa;Caldwell;PEN;1844.83;
863244;Makhi;Newton;EUR;427.78;
862832;Kaydence;Huff;PEN;509.75;
226177;Lila;Pace;USD;1965.93;
462817;Lola;Hickman;PEN;806.97;
834323;Marques;Mathis;PEN;1471.13;
908544;Luca;Burgess;USD;385.9;
681938;Bailey;Bowen;EUR;2872.18;
112098;Aiden;Wright;USD;935.83;
755910;Savanah;Duarte;PEN;1937.76;
468662;Parker;Hanson;EUR;2491.84;
593784;Timothy;Friedman;EUR;2659.4;
782296;Jaylen;Porter;PEN;2119.82;
903423;Braxton;Simon;USD;884.78;
840419;Mohamed;Brewer;EUR;2859.48;
497840;Emilie;Parrish;EUR;1299.98;
964969;Daniel;Valdez;EUR;2704.47;
747737;Adrien;Harris;USD;1698.97;
176841;Paisley;Glass;USD;2875.61;
963014;Frankie;Tran;USD;2101.24;
327048;Roland;Atkinson;EUR;516.23;
520909;Kaylen;Owens;PEN;2240.56;
192507;Donald;Bailey;USD;2419.81;
383277;Kenny;Steele;EUR;5.28;
267435;Harper;Vaughan;PEN;1194.49;
662711;Jaylene;Middleton;USD;2224.95;
805198;Alec;Carney;PEN;165.2;
756645;Ella;Mejia;USD;2048.84;
148066;Kaydence;Benson;PEN;456.65;
896530;Bradyn;Bridges;USD;115.24;
779002;Cassie;Bender;PEN;9.3;
509205;Jaelyn;Macias;USD;862.24;
152437;Will;Valentine;USD;267.9;
325698;Francesca;Cain;EUR;2343.94;
219499;Elaina;Warren;EUR;374.21;
351084;Greta;Dunn;EUR;177.7;
463819;Crystal;Nicholson;EUR;2688.78;
416052;Stephanie;Mata;USD;2461.79;
633473;Rodney;Mcdowell;EUR;1800.35;
645506;Cassandra;Dyer;PEN;1567.26;
874820;Curtis;Shields;PEN;189.81;
432338;Madyson;Espinoza;EUR;2467.49;
374460;Hailie;Benton;USD;645.48;
685574;Jaelynn;Robinson;PEN;824.87;
339422;Kaitlin;Cole;USD;1724.1;
383233;Diego;Cook;PEN;1466.75;
226468;Evie;Wiggins;EUR;2350.3;
454867;Isabel;Sullivan;USD;736.78;
201684;Abbie;May;USD;2758.25;
949441;Jocelyn;Henderson;USD;1080.1;
980933;Makenna;Wiggins;USD;2212.49;
197900;Campbell;Orozco;USD;2463.42;
347312;Tyree;Vincent;PEN;2912.3;
378978;Elaine;Skinner;EUR;630.67;
627470;Gabriel;Harrison;USD;1929.68;
165131;Mohamed;Cannon;USD;1240.3;
561856;Haylie;Estrada;EUR;2207.63;
669257;Jayden;Carson;USD;2385.98;
551584;Abram;Vargas;PEN;1496.29;
369757;Tristian;Costa;USD;2938.13;
267839;Everett;Cabrera;USD;1462.9;
704388;Janelle;Tucker;USD;706.54;
174242;Madeleine;Lowery;USD;1626.14;
862700;Jamison;Howard;PEN;2642.99;
781880;Gemma;Mcgee;EUR;641.8;
906442;Emmy;Schmitt;EUR;2947.5;
236266;Jefferson;Kim;USD;2989.72;
411045;Lilliana;Williamson;PEN;2969.32;
125351;Clayton;Moon;EUR;972.45;
784497;Chaz;Buckley;USD;861.26;
864567;Leyla;Christian;USD;1678.37;
702497;Evie;Holmes;USD;2718.54;
705249;Alannah;Davis;USD;2475.65;
101045;Santiago;Morgan;USD;1156.78;
784640;Carina;Chapman;USD;1531.67;
503806;Cameron;Donaldson;EUR;1331.63;
552397;Roger;Sosa;EUR;596.11;
458557;Naima;Bolton;EUR;2185.3;
767182;Jadyn;Rivers;EUR;343.85;
689655;Lillianna;Sellers;EUR;2928.51;
470693;Shaniya;Daugherty;USD;438.88;
662733;Guillermo;Mathews;PEN;705.52;
912773;James;George;EUR;2360.29;
741796;Carina;Diaz;PEN;33.66;
224307;Gina;Carr;PEN;2661.7;
537345;Molly;Aguirre;EUR;1973.66;
370516;Carmen;Rowland;USD;1047.85;
552662;Tyrone;West;USD;2516.79;
620167;Valerie;Hebert;USD;454.53;
931922;Daniela;Zamora;EUR;1194.28;
327744;Ethen;Faulkner;EUR;1321.2;
678179;Kiana;Kemp;PEN;2983.8;
652521;Yadiel;Gay;EUR;2763.27;
757023;Bruce;Blackburn;PEN;69.46;
652750;Cody;Roberts;USD;1926.7;
428453;Aubrie;Gill;EUR;2729.33;
513319;Violet;Mcclain;PEN;1544.39;
495240;Oswaldo;Watson;PEN;1205.9;
876472;Cloe;Salazar;USD;1073.9;
339621;Omar;Conway;EUR;1265.93;
830249;Brenton;Acevedo;USD;1809.73;
150398;Yandel;Ball;PEN;145.36;
339256;Pierce;Sellers;EUR;1814.7;
692215;Lorenzo;Wilcox;PEN;570.9;
979225;Brogan;Luna;EUR;2393.44;
467973;Kristopher;Wolf;USD;2797.92;
526307;Reina;Osborne;EUR;2384.89;
611818;Ariana;Malone;EUR;2577.7;
565301;Edith;Ho;PEN;876.73;
848948;Arnav;Ayala;PEN;278.23;
368927;Yahir;Bowman;USD;118.1;
516032;Shannon;Dillon;USD;1655.71;
267054;Layla;Mcclure;EUR;407.89;
809653;Antony;Mcguire;USD;819.44;
848170;Eduardo;Trujillo;EUR;593.32;
306538;Jerome;Mercado;PEN;777.46;
437343;Sage;Keith;PEN;2634.8;
900739;Marcus;Brewer;EUR;155.78;
378285;Jordon;Bright;EUR;32.2;
520796;Felix;Bryan;EUR;2012.57;
800479;Claire;Villegas;USD;1310.1;
138711;Madison;Frey;PEN;2239.43;
525590;Claire;Harvey;USD;106.25;
601930;Elsa;Mcmahon;EUR;70.16;
399727;Alyssa;May;USD;612.79;
900734;Adison;Jimenez;EUR;2315.29;
194737;Charles;Nunez;USD;2649.27;
790687;Mollie;Gamble;USD;1275.24;
279408;Marcelo;Harmon;EUR;18.8;
615441;Abraham;Harrell;EUR;2527.81;
519813;Lorelei;Simon;EUR;2424.31;
551869;Cody;Bryant;EUR;1095.4;
148671;Frida;Browning;USD;1513.95;
970694;Kaydence;Waller;PEN;496.74;
355935;Edgar;Frazier;USD;1125.26;
540658;Brooklyn;Gamble;PEN;395.88;
595277;Emilee;Keller;PEN;1414.67;
657377;Madelyn;Velasquez;EUR;853.29;
527176;Kyler;Solomon;PEN;298.27;
210753;Lillie;Huerta;EUR;2092.99;
225020;Lesly;Riley;EUR;2034.21;
457364;Nigel;Chaney;PEN;466.73;
927897;Alia;Kramer;PEN;1519.84;
569613;Quinten;Callahan;PEN;571.39;
447411;Corinne;Fox;PEN;2005.94;
923223;Crystal;Chandler;EUR;2036.3;
851789;Payten;Brady;PEN;442.14;
256753;Jayla;Prince;EUR;1839.44;
795715;Abbey;Smith;PEN;1333.64;
887656;Journey;Hubbard;EUR;2402.67;
585635;Braeden;Shea;USD;2406.5;
560433;Titus;Pratt;PEN;729.51;
157181;Kathy;Richard;PEN;886.5;
863680;Myles;Frost;USD;1326.97;
861877;Kylee;Carson;PEN;405.33;
764360;Lina;Delgado;PEN;2749.5;
602141;Emma;Frye;USD;1052.17;
518141;Ava;Mclaughlin;EUR;242.55;
556946;Dillon;Page;EUR;1084.96;
845304;Aryanna;Watkins;PEN;1930.96;
590017;Victoria;Horton;EUR;1181.44;
429644;Meredith;Fitzgerald;USD;2300.99;
548621;Martin;Tate;USD;2699.87;
336344;Andreas;Russell;EUR;1223.45;
837015;Zackery;Stuart;USD;1269.22;
311769;Ernest;Waters;EUR;2502.64;
573695;Vance;Freeman;USD;534.8;
555229;Giada;Bradford;USD;1297.3;
544915;Lamar;Moody;PEN;2760.77;
638847;Ronnie;Vaughan;PEN;315.13;
893288;Amina;Melton;EUR;2588.1;
167872;Xander;Galloway;PEN;2752.3;
887132;Destiny;Rivas;EUR;1708.76;
715662;Makhi;Alvarez;PEN;243.1;
529703;Amari;Fischer;EUR;2080.39;
615186;Evan;Lucero;PEN;357.25;
199879;Emanuel;House;USD;1097.9;
991839;Jessica;Clements;PEN;674.2;
127940;Titus;Jensen;USD;360.74;
783797;Kiera;Hahn;USD;564.8;
704248;Pablo;Wagner;EUR;1708.58;
270052;Nasir;Rivers;USD;2831.71;
946410;Kellen;Holland;PEN;1383.93;
309944;Lilianna;Bird;PEN;1544.21;
946120;Yael;Mayer;PEN;2496.29;
607620;Teagan;Hood;EUR;567.89;
242191;Madalyn;Dickson;PEN;1690.58;
928893;Kaden;Cordova;EUR;2753.52;
848840;Ariel;Brewer;PEN;678;
424133;Matthias;Villanueva;PEN;2106.31;
366661;Cassie;Carrillo;EUR;2810.2;
615370;Ayaan;Roth;USD;856.54;
531408;Nataly;Levine;USD;722.4;
566400;Rosemary;Evans;EUR;1260.7;
357542;Tyree;Sheppard;USD;2875.23;
575815;Marcel;Whitaker;PEN;2095.91;
844064;Janelle;Sampson;PEN;1321.18;
724487;Jaylen;Friedman;PEN;2066.2;
800537;Jase;Wood;PEN;1834.63;
346627;Adonis;Russo;EUR;1970.2;
621616;Mareli;Mooney;USD;1706.78;
771127;Quinn;Lyons;EUR;2125.73;
233183;Janet;Petty;USD;2604.49;
402420;Kendrick;Ross;USD;2090.63;
790744;Lillian;Hardy;USD;1447.51;
181252;Ashlyn;Steele;USD;915.8;
639965;Julien;Blackburn;Summers;%USD;1966.73
440078;Simon;Vazquez;USD;1132.34;
613086;Spencer;Bruce;USD;146.19;
634720;Breanna;Little;PEN;980.45;
897571;Melany;Kim;PEN;251.3;
130689;Jarrett;Rice;EUR;2014.87;
910808;Karlie;Rivers;EUR;2823.39;
394479;Caroline;Velez;USD;1870.99;
573452;Dale;Morton;USD;1140.86;
983400;Oswaldo;Douglas;EUR;471.23;
570732;Kiley;Riggs;PEN;719.1;
464487;Sidney;Gaines;USD;644.21;
433602;Hailie;Davies;PEN;394.49;
285402;Orion;Peck;PEN;2345.32;
604550;Houston;Mann;USD;511.31;
220573;Stacy;Liu;USD;2226.55;
144620;Ryan;Howard;Hung;EUR;2605.61
158256;Carsen;Stephenson;PEN;240.66;
294962;Cierra;Durham;USD;1293.2;
984928;Noemi;Huerta;PEN;1287.26;
586953;Kyle;Evans;EUR;1324.81;
575864;Malachi;Richmond;USD;531.31;
992739;Jaylyn;Ewing;EUR;1725.85;
594134;Cristina;Burke;PEN;2277.97;
818812;Clarence;Decker;EUR;944.83;
646294;Maliyah;Huff;PEN;102.8;
691958;Bridget;Bright;PEN;1635.59;
668508;Holden;George;PEN;387.46;
680098;Jamar;Cain;PEN;2456.43;
689085;Jaslene;Velasquez;EUR;1386.57;
106119;Dylan;Wells;PEN;547.41;
607682;Sterling;Houston;PEN;1233.79;
170334;Bryant;Maxwell;PEN;2146.87;
711038;Arnav;Phelps;EUR;2508.46;
675174;Aliyah;Serrano;PEN;952.79;
892876;Ruth;Frye;PEN;2282.19;
405541;Tanner;Arellano;EUR;2747.49;
735491;Yaritza;Herman;EUR;2477.62;
763201;Sydney;Lindsey;USD;2216.21;
891036;Nick;Bean;/PEN;2168.39;
265593;Jacey;Perkins;PEN;2537.16;
554617;Judith;Ruiz;EUR;2260.37;
279582;Delilah;Nielsen;EUR;1365.46;
286025;Skyla;Shaffer;PEN;1222.45;
899397;Jaycee;Peck;PEN;474.4;
138187;Amari;Mercer;USD;2057.18;
405778;Greta;Hunt;PEN;2865.29;
323467;Dylan;Vaughn;PEN;1095.45;
899001;Hailey;Reyes;EUR;2312.45;
262999;Zoe;Ramos;EUR;2067.18;
629031;Leia;Ho;PEN;1579.1;
661437;Francis;Liu;PEN;765.51;
217026;Darian;Hall;PEN;2835.5;
462518;Joy;Michael;EUR;955.34;
834705;Scarlett;Werner;PEN;273.11;
658655;Taylor;Dodson;USD;1531.97;
467214;Tianna;Burch;PEN;2932.8;
897999;Elijah;Orozco;USD;1018.81;
406431;Charlie;Forbes;EUR;1581.96;
670351;Diego;Beasley;USD;1218.69;
892345;Adrienne;Mitchell;PEN;151.84;
203216;Andreas;Wheeler;USD;1978.92;
168199;Maya;Colon;PEN;320.12;
411874;Krystal;Shannon;EUR;2834;
333974;Daniella;Austin;USD;1128.13;
700542;Antwan;Chase;USD;2737.61;
450524;Leroy;Bird;PEN;211.81;
647463;Shaylee;Woods;EUR;1581.99;
576508;Kenna;Wells;EUR;651.61;
141116;Adelaide;Green;USD;1653.68;
629292;Alisha;Mccoy;EUR;1126.64;
363778;Andres;Coleman;PEN;1331.93;
251566;Marlie;Harper;PEN;4.1;
935487;Hamza;Sanchez;USD;1735.5;
796319;Daniela;Kennedy;USD;965.27;
519895;Adolfo;Daniels;USD;2597.24;
337650;Fletcher;Mccormick;PEN;486.63;
135663;Braydon;Lewis;PEN;141.41;
371508;Marshall;Woodward;USD;802.67;
109324;Tobias;Atkinson;EUR;2809.53;
464748;Izayah;Cardenas;PEN;2834.4;
270838;Regina;Ewing;PEN;101.94;
319691;Keaton;Francis;USD;1915.43;
853260;Noe;Hobbs;EUR;208.77;
430189;Johanna;Andrade;PEN;532.58;
726203;Calvin;Jordan;USD;2787.55;
399340;Kash;Webb;EUR;1623.46;
472602;Colten;Powell;EUR;1166.62;
898669;Madden;Sandoval;USD;1406.27;
217595;Carlo;Lozano;EUR;324.69;
886865;Jaxon;Williams;PEN;2076.36;
526807;Efrain;Gregory;EUR;2906.1;
744043;Yandel;Simpson;PEN;2794.54;
944581;Katherine;Shields;PEN;1785.57;
330756;Seth;Marks;USD;1316.54;
788532;Amelia;Yates;PEN;2112;
982449;Leslie;Mejia;USD;1693.6;
261807;Sarai;Hodge;USD;2473.1;
984625;Violet;Macias;EUR;2995.91;
547862;David;Brooks;PEN;113.25;
164976;Janelle;Cooley;EUR;2732.9;
551966;Alia;Lloyd;PEN;331.63;
165426;Jordin;Dougherty;USD;2129.19;
776003;Melina;Gardner;PEN;1296.99;
378082;Joe;Vega;USD;1988.29;
796217;Paulina;Conley;EUR;639.31;
570045;Malik;Harrington;PEN;1965.75;
756490;Aubree;Vaughn;USD;2380.9;
725356;Jaeden;Hutchinson;EUR;2710.52;
589374;Yamilet;Harper;EUR;1438.72;
190505;Lucian;Gardner;PEN;1637.6;
113470;Desirae;Sandoval;PEN;1533.14;
934735;Beckham;Jefferson;PEN;1630.31;
237105;Giovanni;Wyatt;EUR;1038.55;
737663;Azaria;Conrad;PEN;119.98;
219784;Alani;Hancock;PEN;2447.2;
917197;Jessie;Ware;USD;1819.54;
301397;Yurem;Freeman;EUR;76.19;
726778;Mike;Hartman;PEN;1764.6;
561268;Aiden;Francis;USD;2023.94;
354043;Yahir;Wolfe;USD;2179.75;
391174;Valerie;Wagner;USD;1421.73;
435573;Brycen;Olson;PEN;602.24;
927672;Jaidyn;Diaz;EUR;513.52;
856485;Mariela;Mcfarland;USD;2341.9;
569221;Kaelyn;Bass;EUR;1577.35;
453703;Kara;Medina;USD;1425.7;
641824;Travis;Pearson;USD;2404.89;
267134;Kareem;Ortega;USD;2169.48;
560222;Shelby;Singleton;EUR;2166.45;
529674;Brandon;Sanford;USD;106.76;
832537;Raegan;Beck;EUR;1005.32;
555743;Hunter;Boyle;PEN;995.1;
153484;Daniel;Zimmerman;USD;827.13;
462091;Aubree;Dalton;USD;150.59;
684399;Molly;Ferrell;USD;2696.35;
565248;Giuliana;Soto;USD;2202.5;
147314;Ryland;Bonilla;USD;2571.47;
564795;Valentin;Trujillo;USD;1451.19;
994301;Micheal;Collins;EUR;1897.1;
149524;Tatiana;Roy;USD;2527.23;
326038;Prince;Miles;USD;1643.51;
826634;Marisa;Mullen;EUR;2241.16;
605466;Orlando;Ballard;USD;4.39;
116511;Kamila;Knox;PEN;2649.6;
729158;Naima;Myers;USD;1519.27;
434398;Yusuf;Crawford;EUR;1425.53;
702339;Chaya;Miller;EUR;856.44;
687441;Yair;Livingston;USD;1890.21;
413757;Dakota;Ball;PEN;407.45;
573861;Ramon;Stone;USD;2544.46;
363073;Kenya;Hogan;EUR;406.43;
637094;Marlon;Haynes;Neal;USD;582.55
961738;Clarence;Morton;USD;2318.49;
248311;Jada;Ramos;PEN;431.77;
580790;Dwayne;Chaney;PEN;2119.85;
364786;Arielle;Mcdaniel;USD;2895.43;
543802;Rowan;Kent;EUR;2247.39;
462882;Kyson;Frazier;PEN;839.99;
711202;Jonas;Tucker;PEN;2688.44;
834379;Rayne;Chase;PEN;2425.52;
797658;Conrad;Downs;PEN;2000.6;
390939;Quentin;Abbott;USD;1441.25;
828866;Sienna;Ferrell;EUR;675.6;
266983;Abraham;Carroll;EUR;826.41;
379689;Zackary;Bishop;EUR;2359.84;
602000;Jakayla;Ayala;USD;1414.84;
755326;Kevin;Meyers;PEN;2495.9;
771637;Courtney;Oneill;PEN;1961.86;
829012;Alijah;Peck;PEN;2123.68;
197343;Pamela;Payne;EUR;1323.43;
436605;Gregory;Mahoney;USD;594.3;
611966;Jaxson;Hurley;EUR;28.88;
577065;Thomas;Zhang;USD;420.51;
720537;Ronan;Meadows;EUR;2606.1;
316099;Darwin;Sanders;USD;1163.3;
166804;Tristian;Galloway;PEN;1381.93;
427643;Addyson;Watson;PEN;1650.67;
524221;Christian;Potter;EUR;65.36;
172405;Natalya;Weber;USD;1453.27;
912114;Sage;Huff;USD;1144.66;
268000;Ryland;White;PEN;2775.17;
369649;Nikolai;Chung;PEN;2078.86;
850113;Callie;Meyer;PEN;2446.9;
717150;Jadyn;Peterson;USD;2160.22;
969974;Ellis;Mann;USD;2822.13;
723564;Mattie;Daugherty;PEN;1042.85;
829988;Jaslyn;Navarro;USD;862.32;
494859;Alannah;Huang;PEN;2358.36;
289666;Warren;Sherman;PEN;656.15;
218676;Hayden;Stone;USD;596.73;
650401;Ainsley;Kim;EUR;1092.65;
560849;Cassidy;Poole;EUR;976.36;
683917;Sophie;Stephens;EUR;1466.16;
211387;Karlee;Ware;USD;222.7;
631446;Rogelio;Leon;PEN;1403.7;
783689;Turner;Gonzalez;EUR;282.51;
406107;Christian;Woodward;EUR;293.27;
675240;Abdiel;Clark;PEN;443.23;
215189;Blaze;Solis;PEN;1945.57;
225928;Emery;Aguilar;USD;714.15;
857111;Kathleen;Mcfarland;PEN;2910.29;
909635;Quentin;Calhoun;USD;2569.1;
890929;Karma;Macias;PEN;35.41;
874731;Marcel;Floyd;USD;673.98;
734105;Everett;Farrell;EUR;2740.2;
151779;Ben;Daniel;USD;848.91;
638165;Darnell;Coleman;EUR;559.62;
122599;Rylee;Bishop;USD;2324.99;
986551;Tanner;May;PEN;2248.29;
266831;Jacoby;Hensley;EUR;86.33;
607877;Lamar;Nash;EUR;2606.94;
995686;Karla;Davenport;EUR;399.32;
373627;Gabriela;Jensen;EUR;2668.66;
218588;Keith;Hull;EUR;1398.23;
505627;Rey;Herrera;USD;39.65;
416573;Nathan;Gillespie;PEN;1069.51;
798440;Marlon;Wu;USD;2699.9;
735819;Haylie;Ramos;EUR;1134.17;
134766;Andy;Ward;EUR;1994.12;
382301;Julianne;Turner;EUR;2256.74;
280580;Martin;Becker;EUR;441.23;
222165;Francis;Perry;PEN;2085.58;
150345;Aliya;Copeland;EUR;1294.53;
652112;Rocco;Mcclure;EUR;1734.89;
765639;Karlie;House;PEN;2740.43;
455375;Danny;Lam;EUR;2882.93;
395484;Cooper;Mccann;USD;767.7;
423144;Miah;Joyce;EUR;486.22;
114352;Ellis;Cisneros;USD;165.85;
288046;Blake;Rocha;PEN;1201.63;
403912;Sawyer;Conrad;EUR;1195.36;
240153;Peter;Dillon;USD;2430.59;
114322;Aldo;Melton;Portmann;EUR;2893.2
123222;Terrence;Harper;EUR;439.46;
